DD-MM-YYYY,value
01-01-1871,
01-02-1871,-0.007375011804
01-03-1871,-0.003552413693
01-04-1871,0.05404830716
01-05-1871,0.03959945654
01-06-1871,0.02735731781
01-07-1871,-0.0122288776
01-08-1871,0.02428322572
01-09-1871,-0.01065301738
01-10-1871,-0.01828344831
01-11-1871,0.005879259677
01-12-1871,-0.01469306711
01-01-1872,-0.0253390698
01-02-1872,-0.0007622576244
01-03-1872,-0.006614474065
01-04-1872,0.002319465314
01-05-1872,0.02468072661
01-06-1872,0.02291913303
01-07-1872,-0.003269344797
01-08-1872,-0.004259634531
01-09-1872,-0.01618716668
01-10-1872,0.03920936764
01-11-1872,-0.0207003786
01-12-1872,0.02671002984
01-01-1873,-0.01152701714
01-02-1873,-0.01478254833
01-03-1873,0.01346380065
01-04-1873,0.01225498312
01-05-1873,0.04158336918
01-06-1873,0.04699634315
01-07-1873,-0.02050916113
01-08-1873,0.002532874445
01-09-1873,-0.01838313836
01-10-1873,0.004022293385
01-11-1873,0.03414378585
01-12-1873,0.02889220114
01-01-1874,-0.02449324304
01-02-1874,0.02363061476
01-03-1874,0.01051598553
01-04-1874,0.02654760095
01-05-1874,0.01242401883
01-06-1874,0.03152186279
01-07-1874,-0.03810777062
01-08-1874,0.01332473106
01-09-1874,0.0008909740045
01-10-1874,0.02170135153
01-11-1874,0.02540912258
01-12-1874,0.01947232037
01-01-1875,-0.01059881033
01-02-1875,0.01149790531
01-03-1875,0.0050522607
01-04-1875,0.008320905026
01-05-1875,0.04256107923
01-06-1875,0.0319992124
01-07-1875,-0.03557710344
01-08-1875,-0.00548656465
01-09-1875,0.0104535953
01-10-1875,0.0066782748
01-11-1875,0.01746172942
01-12-1875,0.01903633479
01-01-1876,-0.003935871264
01-02-1876,0.01351899538
01-03-1876,0.0003821199755
01-04-1876,0.009705199961
01-05-1876,0.04084637125
01-06-1876,0.04164246368
01-07-1876,-0.01626721961
01-08-1876,-0.02532924002
01-09-1876,-0.02338795266
01-10-1876,-0.02210269052
01-11-1876,-0.002097285255
01-12-1876,-0.01569250554
01-01-1877,-0.03663915165
01-02-1877,0.0260136207
01-03-1877,0.04292518741
01-04-1877,-0.01683352904
01-05-1877,-0.00009633105379
01-06-1877,0.04630954493
01-07-1877,-0.005582108235
01-08-1877,0.03288878569
01-09-1877,-0.01166944562
01-10-1877,0.000230834083
01-11-1877,0.02894917333
01-12-1877,-0.000420426517
01-01-1878,0.0343016963
01-02-1878,0.01370941078
01-03-1878,0.0177577407
01-04-1878,0.005971448196
01-05-1878,0.05602169824
01-06-1878,0.01480782947
01-07-1878,-0.01651669371
01-08-1878,-0.005965379498
01-09-1878,0.003916585929
01-10-1878,0.007056354549
01-11-1878,0.01726253046
01-12-1878,0.02920935068
01-01-1879,-0.01558265173
01-02-1879,-0.004350097667
01-03-1879,0.01045664164
01-04-1879,0.02258028966
01-05-1879,0.02640057773
01-06-1879,0.009467583729
01-07-1879,-0.01561499899
01-08-1879,0.001416088514
01-09-1879,-0.02335556405
01-10-1879,-0.04949433682
01-11-1879,-0.038705295
01-12-1879,-0.01980424061
01-01-1880,-0.02310657829
01-02-1880,0.02488532747
01-03-1880,0.001283827703
01-04-1880,0.04367918397
01-05-1880,0.04311109136
01-06-1880,0.03556906665
01-07-1880,-0.00206210445
01-08-1880,0.01456102756
01-09-1880,-0.01170513122
01-10-1880,-0.006688861294
01-11-1880,0.01744296854
01-12-1880,0.003586306493
01-01-1881,0.01871934795
01-02-1881,-0.003264117843
01-03-1881,0.006810130681
01-04-1881,0.002246105741
01-05-1881,0.03325280654
01-06-1881,0.009806545964
01-07-1881,-0.01972859135
01-08-1881,-0.0234222184
01-09-1881,-0.02629735619
01-10-1881,-0.01280575198
01-11-1881,0.01932037589
01-12-1881,0.01466772089
01-01-1882,0.0006704969509
01-02-1882,-0.005377957488
01-03-1882,0.009686172498
01-04-1882,0.004043072691
01-05-1882,0.001913495471
01-06-1882,-0.01141462041
01-07-1882,0.005125572812
01-08-1882,-0.003694691159
01-09-1882,0.0300775521
01-10-1882,0.004290988716
01-11-1882,0.01437024928
01-12-1882,0.02344170496
01-01-1883,-0.007077153689
01-02-1883,-0.006660873533
01-03-1883,0.01602520582
01-04-1883,0.0129719829
01-05-1883,0.009354526412
01-06-1883,0.03502917377
01-07-1883,0.01579841162
01-08-1883,0.005456113328
01-09-1883,0.02424156642
01-10-1883,0.007426230277
01-11-1883,0.02363082345
01-12-1883,0.00709987165
01-01-1884,0.0001495657324
01-02-1884,0.002724900928
01-03-1884,0.007230641344
01-04-1884,0.01810552486
01-05-1884,0.001545063418
01-06-1884,-0.007589999741
01-07-1884,0.01316571136
01-08-1884,0.006477938832
01-09-1884,0.01852270798
01-10-1884,0.016016501
01-11-1884,0.03662894401
01-12-1884,0.02150451563
01-01-1885,-0.006943981752
01-02-1885,-0.005610263076
01-03-1885,0.02815055178
01-04-1885,-0.01386296759
01-05-1885,0.02739217891
01-06-1885,0.0332095919
01-07-1885,-0.009704674467
01-08-1885,0.004745855211
01-09-1885,0.01734900477
01-10-1885,0.003723164575
01-11-1885,-0.009720572138
01-12-1885,-0.01467810374
01-01-1886,0.02238770941
01-02-1886,0.02096473188
01-03-1886,0.02174690655
01-04-1886,0.01137915695
01-05-1886,0.02615773533
01-06-1886,0.02088632938
01-07-1886,-0.01186859988
01-08-1886,-0.01120632842
01-09-1886,0.01207071171
01-10-1886,0.009932922382
01-11-1886,0.000642582509
01-12-1886,-0.00428119061
01-01-1887,-0.03031574697
01-02-1887,-0.0023900309
01-03-1887,0.005041376302
01-04-1887,0.004523708875
01-05-1887,0.003551616538
01-06-1887,0.01497378032
01-07-1887,0.002445724497
01-08-1887,-0.01512585122
01-09-1887,-0.0002307167698
01-10-1887,-0.00586026147
01-11-1887,0.0007235458408
01-12-1887,-0.02907298919
01-01-1888,-0.006814053955
01-02-1888,0.02475696535
01-03-1888,-0.01114589175
01-04-1888,0.01232364929
01-05-1888,0.02757638109
01-06-1888,0.02255143122
01-07-1888,-0.01164465724
01-08-1888,0.006582593475
01-09-1888,0.01037603544
01-10-1888,-0.0181362221
01-11-1888,-0.009897141403
01-12-1888,0.006070068361
01-01-1889,0.03129319387
01-02-1889,0.02468024278
01-03-1889,0.0246713797
01-04-1889,-0.004229231748
01-05-1889,0.03063177388
01-06-1889,0.004067901605
01-07-1889,-0.006118315701
01-08-1889,0.0006447264666
01-09-1889,-0.00977439221
01-10-1889,-0.004738597623
01-11-1889,0.001637640089
01-12-1889,-0.008598376351
01-01-1890,0.0155513037
01-02-1890,-0.01520576433
01-03-1890,-0.003916965151
01-04-1890,-0.001338829126
01-05-1890,-0.009165657295
01-06-1890,0.004779170167
01-07-1890,0.005762082938
01-08-1890,-0.02419645928
01-09-1890,0.001817287911
01-10-1890,-0.01178161611
01-11-1890,0.02733626487
01-12-1890,-0.004869460837
01-01-1891,0.001000794609
01-02-1891,-0.008308433604
01-03-1891,-0.005100211746
01-04-1891,-0.004984637495
01-05-1891,0.01466972433
01-06-1891,0.02718894367
01-07-1891,-0.02583325227
01-08-1891,0.0001623636813
01-09-1891,0.02406334875
01-10-1891,-0.007799512546
01-11-1891,0.01664833198
01-12-1891,0.01091134727
01-01-1892,0.02235136301
01-02-1892,0.003350043114
01-03-1892,0.03399311189
01-04-1892,0.004576005026
01-05-1892,0.0114438929
01-06-1892,0.009295880296
01-07-1892,-0.03340622139
01-08-1892,-0.01388883908
01-09-1892,-0.007330270066
01-10-1892,0.001264636658
01-11-1892,-0.02195314694
01-12-1892,-0.01392327418
01-01-1893,-0.04019900435
01-02-1893,-0.01443965543
01-03-1893,0.03308310465
01-04-1893,0.01254076438
01-05-1893,0.01100288601
01-06-1893,0.01215724334
01-07-1893,0.01784062613
01-08-1893,0.05020166275
01-09-1893,-0.0235011269
01-10-1893,-0.01446202606
01-11-1893,0.0470477832
01-12-1893,0.0288306244
01-01-1894,0.0184161112
01-02-1894,0.02607072231
01-03-1894,0.03534825689
01-04-1894,0.004000055994
01-05-1894,-0.001457009505
01-06-1894,0.007304986078
01-07-1894,0.0007061796107
01-08-1894,-0.02425144907
01-09-1894,-0.006736647607
01-10-1894,0.02822217591
01-11-1894,0.009426375354
01-12-1894,0.01742322936
01-01-1895,-0.01659683177
01-02-1895,0.05323469817
01-03-1895,0.01067933818
01-04-1895,-0.0289971092
01-05-1895,-0.002283426961
01-06-1895,0.002823576924
01-07-1895,0.01589546092
01-08-1895,0.002768051376
01-09-1895,0.005822320123
01-10-1895,-0.03558364002
01-11-1895,0.02993928252
01-12-1895,0.01215224102
01-01-1896,-0.01823841713
01-02-1896,0.01195562897
01-03-1896,0.01427541977
01-04-1896,0.02681176497
01-05-1896,0.01137661017
01-06-1896,0.01964726168
01-07-1896,-0.0190187371
01-08-1896,-0.0178003648
01-09-1896,0.03080279207
01-10-1896,-0.01612861503
01-11-1896,-0.003433696374
01-12-1896,0.004885106383
01-01-1897,0.05272935578
01-02-1897,0.007360087772
01-03-1897,0.008794343313
01-04-1897,0.02333435676
01-05-1897,0.008148636297
01-06-1897,0.01644597307
01-07-1897,0.01270965095
01-08-1897,-0.04427236833
01-09-1897,-0.02463965816
01-10-1897,0.03013227354
01-11-1897,0.01001788009
01-12-1897,0.01041104617
01-01-1898,0.003034870892
01-02-1898,-0.03393437217
01-03-1898,-0.03104449961
01-04-1898,-0.01316666864
01-05-1898,-0.05055379097
01-06-1898,0.08984773713
01-07-1898,0.04373235618
01-08-1898,0.006574626357
01-09-1898,0.003128694878
01-10-1898,0.005043239599
01-11-1898,-0.000790728195
01-12-1898,-0.002325133966
01-01-1899,0.009935493965
01-02-1899,-0.03101427747
01-03-1899,0.006011036628
01-04-1899,-0.003303541814
01-05-1899,0.0006197876554
01-06-1899,-0.002734929078
01-07-1899,-0.01628732654
01-08-1899,-0.008075921963
01-09-1899,-0.03550849201
01-10-1899,-0.00981752361
01-11-1899,-0.004429201513
01-12-1899,0.01353443671
01-01-1900,0.002487498496
01-02-1900,-0.00572491818
01-03-1900,0.01222281084
01-04-1900,-0.01368060909
01-05-1900,0.03557264555
01-06-1900,0.01440753798
01-07-1900,-0.01389127752
01-08-1900,0.006379526275
01-09-1900,-0.001840486967
01-10-1900,0.01533860337
01-11-1900,0.02068236233
01-12-1900,0.02608401543
01-01-1901,-0.006848494041
01-02-1901,0.01493633342
01-03-1901,-0.001215724746
01-04-1901,0.02292037525
01-05-1901,-0.001654188195
01-06-1901,0.005602643115
01-07-1901,-0.01327724525
01-08-1901,-0.01931695757
01-09-1901,-0.003041596521
01-10-1901,0.01235256431
01-11-1901,-0.009688075345
01-12-1901,-0.008646389279
01-01-1902,0.01626878817
01-02-1902,0.002383066084
01-03-1902,0.002383095251
01-04-1902,-0.01044711418
01-05-1902,-0.01116552903
01-06-1902,-0.03671113388
01-07-1902,-0.02333991577
01-08-1902,0.01525219915
01-09-1902,0.02637550802
01-10-1902,-0.05782862952
01-11-1902,0.02683312591
01-12-1902,-0.01593439254
01-01-1903,-0.008558194264
01-02-1903,0.006131840035
01-03-1903,0.04613203733
01-04-1903,-0.01214468111
01-05-1903,0.03288989235
01-06-1903,-0.004450236559
01-07-1903,-0.004919038768
01-08-1903,0.002482813575
01-09-1903,-0.00303421347
01-10-1903,0.01549516112
01-11-1903,0.007730927186
01-12-1903,0.001540775093
01-01-1904,-0.02239636276
01-02-1904,-0.02915145583
01-03-1904,0.01581264222
01-04-1904,0.01312421121
01-05-1904,0.02223627908
01-06-1904,0.00530568002
01-07-1904,0.0006228800043
01-08-1904,-0.01658063388
01-09-1904,-0.006188415663
01-10-1904,0.002527826527
01-11-1904,-0.02735279758
01-12-1904,0.003005043361
01-01-1905,0.003004307081
01-02-1905,0.002544412063
01-03-1905,0.02936478908
01-04-1905,0.002506382366
01-05-1905,0.008312889099
01-06-1905,0.008206304401
01-07-1905,0.002506223706
01-08-1905,-0.00608615603
01-09-1905,0.02252743936
01-10-1905,0.002478366652
01-11-1905,-0.01944012053
01-12-1905,-0.02781704553
01-01-1906,0.004450025981
01-02-1906,-0.003170601853
01-03-1906,0.004485304722
01-04-1906,0.01312232542
01-05-1906,-0.01894559993
01-06-1906,-0.00220480392
01-07-1906,0.03807966092
01-08-1906,-0.0147277585
01-09-1906,-0.003855593544
01-10-1906,-0.02069591654
01-11-1906,-0.009163952344
01-12-1906,-0.009055114649
01-01-1907,0.004629705315
01-02-1907,-0.01948709761
01-03-1907,0.02204807998
01-04-1907,0.003534126006
01-05-1907,-0.02494543903
01-06-1907,-0.01439257035
01-07-1907,0.002586472734
01-08-1907,-0.01198700555
01-09-1907,-0.009203559212
01-10-1907,-0.01347312941
01-11-1907,0.01816794493
01-12-1907,-0.0006765352865
01-01-1908,0.01383490271
01-02-1908,0.01822910619
01-03-1908,0.02273694426
01-04-1908,0.00702288604
01-05-1908,0.00270441037
01-06-1908,-0.006394265979
01-07-1908,-0.009227909326
01-08-1908,-0.001368291816
01-09-1908,-0.001370634157
01-10-1908,-0.008020539333
01-11-1908,-0.009408978582
01-12-1908,-0.006302116931
01-01-1909,0.01342478958
01-02-1909,-0.007802687323
01-03-1909,0.002754853377
01-04-1909,-0.01791602973
01-05-1909,-0.007479660174
01-06-1909,-0.007376045335
01-07-1909,-0.003438138513
01-08-1909,-0.02064553959
01-09-1909,-0.01543961065
01-10-1909,-0.01560349976
01-11-1909,-0.01782696908
01-12-1909,-0.01045301977
01-01-1910,0.006002546477
01-02-1910,0.002892077602
01-03-1910,-0.02027620389
01-04-1910,-0.00647008674
01-05-1910,0.01978650397
01-06-1910,0.01475795305
01-07-1910,0.00345013166
01-08-1910,0.01426782091
01-09-1910,0.01713575081
01-10-1910,0.03327408802
01-11-1910,0.02356852645
01-12-1910,0.0007250327939
01-01-1911,0.002892337775
01-02-1911,0.04501494401
01-03-1911,-0.007694438786
01-04-1911,0.03164280757
01-05-1911,-0.01169184875
01-06-1911,0.006241893406
01-07-1911,-0.007869182005
01-08-1911,-0.03480997987
01-09-1911,-0.008503375266
01-10-1911,0.002930450023
01-11-1911,0.01119181617
01-12-1911,0.01237908392
01-01-1912,-0.006442385909
01-02-1912,-0.005229028709
01-03-1912,-0.01409216098
01-04-1912,-0.02284977917
01-05-1912,0.002365701612
01-06-1912,0.01062208871
01-07-1912,0.002917533099
01-08-1912,-0.01125343641
01-09-1912,-0.004635619183
01-10-1912,0.002411224809
01-11-1912,0.003495480783
01-12-1912,0.01163741254
01-01-1913,-0.006812051465
01-02-1913,0.004552478195
01-03-1913,0.00127116945
01-04-1913,-0.0003644647119
01-05-1913,0.01994230238
01-06-1913,-0.009488308251
01-07-1913,-0.03107652516
01-08-1913,-0.001489045709
01-09-1913,-0.01149536887
01-10-1913,-0.004336401718
01-11-1913,0.004984720707
01-12-1913,0.02215389014
01-01-1914,0.01191836452
01-02-1914,0.01591374831
01-03-1914,-0.002057904546
01-04-1914,0.00536004873
01-05-1914,-0.008248742117
01-06-1914,-0.0003998282992
01-07-1914,-0.01258198454
01-08-1914,-0.01667753098
01-09-1914,0.003044286141
01-10-1914,0.01294738679
01-11-1914,-0.006816911246
01-12-1914,0.006103281623
01-01-1915,0.005292094822
01-02-1915,0.01306053149
01-03-1915,0.02119757069
01-04-1915,-0.003664362543
01-05-1915,-0.009159968501
01-06-1915,0.0002080455185
01-07-1915,-0.008828876614
01-08-1915,0.01329652883
01-09-1915,-0.00376062954
01-10-1915,-0.01018100401
01-11-1915,-0.00329427716
01-12-1915,0.01102998095
01-01-1916,-0.008899592237
01-02-1916,0.01322243815
01-03-1916,-0.002125389847
01-04-1916,-0.008699808628
01-05-1916,-0.004171767381
01-06-1916,-0.01459086678
01-07-1916,-0.00320739025
01-08-1916,-0.003935025291
01-09-1916,-0.01285433109
01-10-1916,-0.01474594564
01-11-1916,-0.01996217691
01-12-1916,-0.001121624856
01-01-1917,-0.01004466623
01-02-1917,-0.01705504503
01-03-1917,-0.01901914253
01-04-1917,-0.04798119008
01-05-1917,-0.03194604437
01-06-1917,-0.02042621016
01-07-1917,0.02005031812
01-08-1917,-0.01342579977
01-09-1917,-0.009552651974
01-10-1917,-0.01696746303
01-11-1917,0.00315967396
01-12-1917,-0.02314492231
01-01-1918,-0.01597330071
01-02-1918,0.0008447243467
01-03-1918,0.01285810421
01-04-1918,-0.0098716066
01-05-1918,-0.01702392552
01-06-1918,-0.0005862961299
01-07-1918,-0.02224915875
01-08-1918,-0.01531630135
01-09-1918,-0.01834362157
01-10-1918,-0.01908938254
01-11-1918,-0.01013784822
01-12-1918,-0.02467181164
01-01-1919,0.00317367412
01-02-1919,0.01691330187
01-03-1919,-0.01062865176
01-04-1919,-0.01332919686
01-05-1919,-0.004095437863
01-06-1919,0.002336299158
01-07-1919,-0.02720387737
01-08-1919,-0.01765740425
01-09-1919,0.002215654793
01-10-1919,-0.01116717561
01-11-1919,-0.02535696267
01-12-1919,-0.02405409306
01-01-1920,-0.01900201947
01-02-1920,-0.01534582473
01-03-1920,-0.00904454722
01-04-1920,-0.03957203471
01-05-1920,-0.03270153672
01-06-1920,-0.006740480474
01-07-1920,0.007135637754
01-08-1920,0.02156064079
01-09-1920,0.03866878758
01-10-1920,0.03707363259
01-11-1920,-0.0007383516415
01-12-1920,0.01021563722
01-01-1921,0.03911001385
01-02-1921,0.03313495771
01-03-1921,0.01066416832
01-04-1921,0.01783186086
01-05-1921,0.02627561535
01-06-1921,0.008531810471
01-07-1921,-0.0005158337379
01-08-1921,0.007473958207
01-09-1921,0.02366978698
01-10-1921,0.02698825586
01-11-1921,0.02476600402
01-12-1921,0.02309227993
01-01-1922,0.02908188977
01-02-1922,-0.0002493889891
01-03-1922,0.02302296136
01-04-1922,0.0140597003
01-05-1922,0.005159162176
01-06-1922,0.005142820013
01-07-1922,0.005509616057
01-08-1922,0.01715462665
01-09-1922,-0.002129465041
01-10-1922,-0.01118119117
01-11-1922,-0.004758505244
01-12-1922,-0.001539649775
01-01-1923,0.009573800011
01-02-1923,0.002805470615
01-03-1923,-0.0003565669975
01-04-1923,-0.003077961681
01-05-1923,0.005248158398
01-06-1923,0.0001103658016
01-07-1923,-0.008053326208
01-08-1923,0.008686900198
01-09-1923,-0.002999782302
01-10-1923,-0.005321664337
01-11-1923,0.00605221556
01-12-1923,0.005231868898
01-01-1924,0.007607513688
01-02-1924,0.01104611635
01-03-1924,0.00943553251
01-04-1924,0.01354727357
01-05-1924,0.01002454455
01-06-1924,0.01734526241
01-07-1924,0.0006852526841
01-08-1924,0.01164091391
01-09-1924,-0.003416556341
01-10-1924,0.001484215862
01-11-1924,0.0007881523785
01-12-1924,-0.00738567495
01-01-1925,0.003300021646
01-02-1925,0.009950630625
01-03-1925,-0.003315186773
01-04-1925,0.0115881501
01-05-1925,0.002338025072
01-06-1925,-0.0017824013
01-07-1925,-0.008176793474
01-08-1925,-0.001713789616
01-09-1925,0.003208322578
01-10-1925,0.005652843428
01-11-1925,-0.0111315631
01-12-1925,0.007944080516
01-01-1926,0.005612536209
01-02-1926,0.00808532287
01-03-1926,0.008726935366
01-04-1926,-0.001694078421
01-05-1926,0.01120307272
01-06-1926,0.008725306997
01-07-1926,0.01369018178
01-08-1926,0.007178471951
01-09-1926,-0.0026485797
01-10-1926,-0.0009791263353
01-11-1926,0.002321256585
01-12-1926,0.007970269493
01-01-1927,0.01860566803
01-02-1927,0.01120185424
01-03-1927,0.0179508911
01-04-1927,0.004476275633
01-05-1927,0.0003492751251
01-06-1927,-0.01110601022
01-07-1927,0.01847831881
01-08-1927,0.01198927505
01-09-1927,-0.001370363319
01-10-1927,-0.002183352494
01-11-1927,0.01358565185
01-12-1927,0.007714343922
01-01-1928,0.001806751969
01-02-1928,0.01353235547
01-03-1928,0.004330129681
01-04-1928,0.0001393902193
01-05-1928,-0.006477016703
01-06-1928,0.004376711153
01-07-1928,-0.008032711975
01-08-1928,-0.002131340656
01-09-1928,-0.007047919745
01-10-1928,0.007877434155
01-11-1928,0.01041321709
01-12-1928,0.002835442696
01-01-1929,-0.002931401317
01-02-1929,-0.005341910784
01-03-1929,-0.001049319755
01-04-1929,0.01743319269
01-05-1929,-0.002866842557
01-06-1929,-0.006949347971
01-07-1929,-0.004410779439
01-08-1929,-0.002758684069
01-09-1929,0.003921596629
01-10-1929,0.01058206762
01-11-1929,0.02487684412
01-12-1929,0.007784079564
01-01-1930,0.002817170404
01-02-1930,0.01043394138
01-03-1930,0.01888616932
01-04-1930,-0.00976412213
01-05-1930,0.01378530412
01-06-1930,0.01377454267
01-07-1930,0.01478916538
01-08-1930,0.00794618925
01-09-1930,-0.001663529099
01-10-1930,0.01129954156
01-11-1930,0.01047050443
01-12-1930,0.01879308413
01-01-1931,0.01698789433
01-02-1931,0.007024007496
01-03-1931,0.01169937734
01-04-1931,0.01003422082
01-05-1931,0.02431784825
01-06-1931,0.01845642723
01-07-1931,0.0009384482196
01-08-1931,0.0001220177966
01-09-1931,0.003468716262
01-10-1931,-0.0219038084
01-11-1931,0.01667158725
01-12-1931,-0.01482557248
01-01-1932,-0.003104055794
01-02-1932,0.03040229522
01-03-1932,0.02652642109
01-04-1932,0.03071280616
01-05-1932,0.01100069528
01-06-1932,0.01050931376
01-07-1932,0.01818450328
01-08-1932,0.02136316024
01-09-1932,0.01287827161
01-10-1932,0.00955177181
01-11-1932,0.008779722858
01-12-1932,0.01895783338
01-01-1933,0.02941038528
01-02-1933,0.0108753826
01-03-1933,0.001521061403
01-04-1933,0.002850050096
01-05-1933,0.01289983323
01-06-1933,0.002333128601
01-07-1933,-0.02713127479
01-08-1933,-0.005757561533
01-09-1933,0.004346395544
01-10-1933,0.0001566908673
01-11-1933,-0.01712030208
01-12-1933,-0.002922245578
01-01-1934,0.007108850155
01-02-1934,0.01203481545
01-03-1934,0.01364579506
01-04-1934,0.007652976644
01-05-1934,0.008448267649
01-06-1934,-0.000801187962
01-07-1934,0.004991114738
01-08-1934,-0.006716746051
01-09-1934,-0.02691044403
01-10-1934,0.02538752713
01-11-1934,0.00254171514
01-12-1934,0.01509529984
01-01-1935,0.00105163232
01-02-1935,0.0001433309773
01-03-1935,0.002308337967
01-04-1935,-0.001554470331
01-05-1935,0.003130459448
01-06-1935,0.0104441923
01-07-1935,0.003970423677
01-08-1935,-0.01049561852
01-09-1935,-0.0001911813372
01-10-1935,0.005812683291
01-11-1935,-0.005752552419
01-12-1935,0.004076168985
01-01-1936,0.004059789707
01-02-1936,0.007474149461
01-03-1936,0.01391560454
01-04-1936,0.003954188644
01-05-1936,0.003937873194
01-06-1936,-0.006751653166
01-07-1936,-0.004135376317
01-08-1936,0.001025697668
01-09-1936,-0.0004071901624
01-10-1936,0.001327699959
01-11-1936,0.01252459855
01-12-1936,0.001234878796
01-01-1937,-0.0007413272319
01-02-1937,0.002932521277
01-03-1937,-0.02727925588
01-04-1937,-0.01077817287
01-05-1937,-0.001170199953
01-06-1937,0.0005512945095
01-07-1937,0.003214468022
01-08-1937,-0.0055776853
01-09-1937,-0.002825221402
01-10-1937,0.002291688483
01-11-1937,0.0144821685
01-12-1937,0.01007978738
01-01-1938,0.01811909265
01-02-1938,0.01284407106
01-03-1938,0.0004403878226
01-04-1938,0.002970883752
01-05-1938,0.01275602243
01-06-1938,0.0003466127734
01-07-1938,0.002981974232
01-08-1938,0.003848223992
01-09-1938,-0.004876805475
01-10-1938,0.01902931862
01-11-1938,-0.00142980354
01-12-1938,0.004715675394
01-01-1939,0.002066643098
01-02-1939,0.01368641558
01-03-1939,0.009927329743
01-04-1939,0.01540119957
01-05-1939,0.01423622332
01-06-1939,-0.0008519752827
01-07-1939,0.003555079136
01-08-1939,-0.009543023158
01-09-1939,-0.05878281879
01-10-1939,0.02985367573
01-11-1939,0.01175120043
01-12-1939,0.01078757828
01-01-1940,0.008243446144
01-02-1940,-0.006100152429
01-03-1940,0.01072855392
01-04-1940,-0.003391156345
01-05-1940,-0.01458006965
01-06-1940,0.008061922908
01-07-1940,0.01528141354
01-08-1940,0.003628432209
01-09-1940,0.008894464091
01-10-1940,0.007068040127
01-11-1940,0.0158913398
01-12-1940,-0.001121292482
01-01-1941,0.001566583533
01-02-1941,-0.006219532488
01-03-1941,0.007317339755
01-04-1941,0.00187976292
01-05-1941,-0.006161413831
01-06-1941,-0.009937877349
01-07-1941,0.01242578227
01-08-1941,-0.01810845994
01-09-1941,-0.01258330478
01-10-1941,-0.007082980245
01-11-1941,-0.008527064955
01-12-1941,-0.0216587322
01-01-1942,-0.01015195034
01-02-1942,-0.01082644006
01-03-1942,-0.003653776526
01-04-1942,-0.009834246817
01-05-1942,-0.007878649837
01-06-1942,0.0008390199321
01-07-1942,-0.007030119625
01-08-1942,-0.004304628984
01-09-1942,0.000872701224
01-10-1942,-0.009338277158
01-11-1942,-0.005972599912
01-12-1942,-0.001473582884
01-01-1943,0.005343425006
01-02-1943,0.0008306579602
01-03-1943,-0.01749529656
01-04-1943,-0.007994026111
01-05-1943,0.000468474255
01-06-1943,0.002587317699
01-07-1943,0.005641071273
01-08-1943,0.005691426762
01-09-1943,-0.004040328526
01-10-1943,-0.00007143452278
01-11-1943,-0.0009468962663
01-12-1943,0.0008643256331
01-01-1944,0.001766671959
01-02-1944,0.005351406093
01-03-1944,0.001733371917
01-04-1944,-0.004880099804
01-05-1944,0.001741711868
01-06-1944,-0.004839205897
01-07-1944,-0.003909636105
01-08-1944,0.004437761386
01-09-1944,0.000830647139
01-10-1944,0.0008390331348
01-11-1944,0.001741645323
01-12-1944,-0.004775305478
01-01-1945,0.01436206645
01-02-1945,0.007024313211
01-03-1945,0.006076132427
01-04-1945,0.01236752064
01-05-1945,-0.004152976271
01-06-1945,-0.005173503396
01-07-1945,-0.001290624762
01-08-1945,0.003222721117
01-09-1945,0.00410683636
01-10-1945,0.006789927367
01-11-1945,0.005839158499
01-12-1945,-0.01487851742
01-01-1946,0.006797772258
01-02-1946,0.008683323737
01-03-1946,-0.007838308113
01-04-1946,-0.01744750333
01-05-1946,-0.004872442903
01-06-1946,-0.00660033542
01-07-1946,-0.05760344896
01-08-1946,-0.02364444946
01-09-1946,-0.01274949654
01-10-1946,-0.01595795148
01-11-1946,-0.02896394353
01-12-1946,0.0003016056003
01-01-1947,0.006047770005
01-02-1947,-0.003216879858
01-03-1947,-0.01583139054
01-04-1947,-0.0003266208913
01-05-1947,0.004664525833
01-06-1947,-0.0079829083
01-07-1947,-0.004358007755
01-08-1947,-0.003425498743
01-09-1947,-0.02220768483
01-10-1947,-0.01044147055
01-11-1947,-0.01377401505
01-12-1947,-0.0272907645
01-01-1948,-0.009606044276
01-02-1948,0.004030204631
01-03-1948,0.009948022645
01-04-1948,-0.01078394044
01-05-1948,0.001876217579
01-06-1948,-0.01295257758
01-07-1948,-0.01024080461
01-08-1948,-0.001205828337
01-09-1948,0.007396912024
01-10-1948,0.0002840618936
01-11-1948,0.01256077736
01-12-1948,0.009072432657
01-01-1949,0.007926224708
01-02-1949,0.006813614446
01-03-1949,0.005303552003
01-04-1949,0.00215991789
01-05-1949,0.002990066618
01-06-1949,0.008437243411
01-07-1949,0.01361500883
01-08-1949,0.007871818802
01-09-1949,-0.003273127007
01-10-1949,0.004926707713
01-11-1949,0.0002738991652
01-12-1949,0.009871612933
01-01-1950,-0.003205233702
01-02-1950,-0.004442071118
01-03-1950,-0.001459300664
01-04-1950,-0.00327366092
01-05-1950,-0.004288949726
01-06-1950,-0.008279329045
01-07-1950,-0.006190528248
01-08-1950,-0.003664469693
01-09-1950,-0.0075970757
01-10-1950,-0.01010852152
01-11-1950,-0.004939586525
01-12-1950,-0.0125343202
01-01-1951,-0.00956243799
01-02-1951,-0.02093418416
01-03-1951,-0.01339185984
01-04-1951,-0.008462916466
01-05-1951,-0.00863254561
01-06-1951,0.003534693738
01-07-1951,0.01184884785
01-08-1951,0.0138514199
01-09-1951,-0.01693002048
01-10-1951,-0.005578069399
01-11-1951,-0.007543952774
01-12-1951,-0.0009011026344
01-01-1952,0.0028491592
01-02-1952,-0.0008061799404
01-03-1952,0.002842788176
01-04-1952,0.009067341169
01-05-1952,0.005116768191
01-06-1952,-0.003792458453
01-07-1952,-0.008843809479
01-08-1952,-0.006161380638
01-09-1952,-0.005198911512
01-10-1952,0.0122210091
01-11-1952,0.002965519542
01-12-1952,-0.0004109134545
01-01-1953,-0.004845971547
01-02-1953,-0.002019778743
01-03-1953,-0.004461457362
01-04-1953,-0.006015449614
01-05-1953,-0.01695059641
01-06-1953,-0.005260106181
01-07-1953,0.01758789243
01-08-1953,-0.001531555951
01-09-1953,0.007937557221
01-10-1953,0.01857803348
01-11-1953,0.004200636406
01-12-1953,0.009362203864
01-01-1954,0.009180391538
01-02-1954,0.001082735035
01-03-1954,0.01309135495
01-04-1954,0.01162999236
01-05-1954,-0.007653852732
01-06-1954,0.0007291399297
01-07-1954,0.01201317593
01-08-1954,-0.002948757853
01-09-1954,0.001711144726
01-10-1954,0.0009813062054
01-11-1954,-0.004570092331
01-12-1954,-0.0001770596073
01-01-1955,-0.006599007455
01-02-1955,-0.003169652767
01-03-1955,0.001586363822
01-04-1955,-0.004722272911
01-05-1955,0.00216915872
01-06-1955,0.002807380682
01-07-1955,-0.009924572246
01-08-1955,-0.00215834702
01-09-1955,-0.002378694728
01-10-1955,0.01146065441
01-11-1955,-0.000704961378
01-12-1955,-0.003288056879
01-01-1956,0.003961208874
01-02-1956,0.006425969225
01-03-1956,-0.008926833032
01-04-1956,-0.01755273186
01-05-1956,0.008310684955
01-06-1956,0.004081840069
01-07-1956,-0.01191951423
01-08-1956,-0.01665370099
01-09-1956,-0.002919313082
01-10-1956,0.0003644288645
01-11-1956,-0.009855156605
01-12-1956,-0.009841641352
01-01-1957,0.001541861895
01-02-1957,0.00819116236
01-03-1957,-0.005178464216
01-04-1957,-0.005466566978
01-05-1957,-0.009508299966
01-06-1957,-0.01731423663
01-07-1957,-0.01035276595
01-08-1957,0.00008212713415
01-09-1957,0.002684246131
01-10-1957,-0.0008592026599
01-11-1957,0.02098059984
01-12-1957,0.04425328804
01-01-1958,0.006740884334
01-02-1958,0.003823295427
01-03-1958,0.002479972048
01-04-1958,0.008452829184
01-05-1958,-0.0009472882806
01-06-1958,-0.0007107186081
01-07-1958,-0.01589277288
01-08-1958,-0.02694468338
01-09-1958,-0.01412374118
01-10-1958,-0.0001759295417
01-11-1958,0.006759014402
01-12-1958,-0.007461213676
01-01-1959,0.001833368298
01-02-1959,0.008582105318
01-03-1959,0.001902714583
01-04-1959,-0.007509165605
01-05-1959,-0.01387047937
01-06-1959,-0.001237584458
01-07-1959,-0.002588434032
01-08-1959,0.0002186209946
01-09-1959,-0.01859977052
01-10-1959,0.01258716445
01-11-1959,0.003774992405
01-12-1959,-0.01104296759
01-01-1960,0.002863631479
01-02-1960,0.02123150859
01-03-1960,0.02331748263
01-04-1960,-0.00328793515
01-05-1960,-0.003088176778
01-06-1960,0.01856176218
01-07-1960,0.02603808417
01-08-1960,0.009370682954
01-09-1960,0.003166658322
01-10-1960,-0.008816413662
01-11-1960,-0.00101232618
01-12-1960,0.009604425558
01-01-1961,0.002191420375
01-02-1961,0.008096789551
01-03-1961,0.006414177162
01-04-1961,0.0008694499766
01-05-1961,0.007856211601
01-06-1961,-0.01065537769
01-07-1961,-0.00268754643
01-08-1961,-0.007095669773
01-09-1961,0.006904492295
01-10-1961,0.008203901529
01-11-1961,0.001642444498
01-12-1961,-0.007405853475
01-01-1962,-0.0008543720419
01-02-1962,0.009212128907
01-03-1962,0.01275931451
01-04-1962,0.001888371015
01-05-1962,-0.001023409347
01-06-1962,-0.003853909271
01-07-1962,-0.0002392781671
01-08-1962,0.007882585371
01-09-1962,0.0003015080554
01-10-1962,0.006233288049
01-11-1962,0.003266676654
01-12-1962,0.008975922053
01-01-1963,-0.0003916563627
01-02-1963,-0.003759151492
01-03-1963,0.001485350802
01-04-1963,0.004279175573
01-05-1963,0.001493780532
01-06-1963,-0.003210557512
01-07-1963,0.0007179429948
01-08-1963,-0.0002436018276
01-09-1963,0.0002769016863
01-10-1963,-0.00404545905
01-11-1963,0.008165555768
01-12-1963,-0.004685996889
01-01-1964,0.0006956648614
01-02-1964,0.002002636512
01-03-1964,-0.001525616396
01-04-1964,0.004010208574
01-05-1964,0.004974387833
01-06-1964,0.005763101962
01-07-1964,-0.00009893406702
01-08-1964,0.000905661226
01-09-1964,0.004969504914
01-10-1964,0.003812791622
01-11-1964,-0.002652059804
01-12-1964,0.001407270624
01-01-1965,0.004165005728
01-02-1965,0.001065799868
01-03-1965,0.004174001162
01-04-1965,0.0004540050854
01-05-1965,-0.001291872641
01-06-1965,0.001819365387
01-07-1965,0.002833949164
01-08-1965,0.0004294893131
01-09-1965,-0.005095394481
01-10-1965,-0.002155589727
01-11-1965,-0.005100437009
01-12-1965,-0.01297467826
01-01-1966,0.002930001945
01-02-1966,-0.0274783679
01-03-1966,0.02533763495
01-04-1966,-0.005365898844
01-05-1966,0.001044303699
01-06-1966,-0.01001922599
01-07-1966,-0.004185832862
01-08-1966,-0.02543979419
01-09-1966,0.02791738552
01-10-1966,0.004994390493
01-11-1966,-0.00830374747
01-12-1966,0.04094753632
01-01-1967,0.01388097546
01-02-1967,-0.01468710997
01-03-1967,0.02122331265
01-04-1967,-0.02078550535
01-05-1967,0.001655391399
01-06-1967,-0.03307406113
01-07-1967,0.005972098161
01-08-1967,-0.007125538439
01-09-1967,-0.001666874318
01-10-1967,-0.02352143923
01-11-1967,-0.008811561513
01-12-1967,0.004885758583
01-01-1968,0.05429311348
01-02-1968,0.0001730055244
01-03-1968,-0.01322794106
01-04-1968,0.003382548523
01-05-1968,-0.00709483006
01-06-1968,0.01570807796
01-07-1968,0.01792227542
01-08-1968,-0.0006423872022
01-09-1968,-0.003615637222
01-10-1968,-0.01009486177
01-11-1968,-0.01086371752
01-12-1968,-0.02878681273
01-01-1969,0.00008278889145
01-02-1969,-0.002776180697
01-03-1969,-0.00605072312
01-04-1969,0.007058373628
01-05-1969,-0.02361128093
01-06-1969,-0.01230845716
01-07-1969,0.005240223794
01-08-1969,-0.009468084883
01-09-1969,-0.04750925035
01-10-1969,0.0427353168
01-11-1969,-0.02449442587
01-12-1969,-0.04055145844
01-01-1970,0.01055250489
01-02-1970,0.06415019674
01-03-1970,-0.012424235
01-04-1970,-0.05096322775
01-05-1970,-0.005314932318
01-06-1970,0.02084654418
01-07-1970,0.02557376085
01-08-1970,-0.004304938513
01-09-1970,0.01556288701
01-10-1970,-0.001902160271
01-11-1970,0.06373245183
01-12-1970,-0.0003728838561
01-01-1971,0.03343556525
01-02-1971,0.001392959577
01-03-1971,0.0487573182
01-04-1971,-0.03776826834
01-05-1971,-0.0216579325
01-06-1971,-0.02269239498
01-07-1971,-0.007745133032
01-08-1971,0.04574168453
01-09-1971,0.02358306733
01-10-1971,0.01218715698
01-11-1971,-0.001981843244
01-12-1971,0.005455418365
01-01-1972,-0.01217343167
01-02-1972,0.003900696609
01-03-1972,-0.0008550039752
01-04-1972,0.001207574463
01-05-1972,0.009349047747
01-06-1972,-0.004703236143
01-07-1972,0.004930093727
01-08-1972,-0.01907662219
01-09-1972,-0.008142289329
01-10-1972,0.01262114111
01-11-1972,0.01015271394
01-12-1972,-0.006616254946
01-01-1973,-0.00880793185
01-02-1973,-0.008702406187
01-03-1973,-0.01013493207
01-04-1973,0.0008516173091
01-05-1973,-0.01531070321
01-06-1973,-0.001763238672
01-07-1973,-0.02857347018
01-08-1973,0.0009647065914
01-09-1973,0.02682097974
01-10-1973,0.01055396194
01-11-1973,0.0004507065556
01-12-1973,-0.01796174273
01-01-1974,-0.01205972215
01-02-1974,-0.005497786575
01-03-1974,-0.03214027985
01-04-1974,-0.01732228824
01-05-1974,0.005756738962
01-06-1974,-0.01022881901
01-07-1974,-0.01690671696
01-08-1974,-0.02047785205
01-09-1974,0.004513782025
01-10-1974,0.00911769846
01-11-1974,0.007126556823
01-12-1974,0.01541064277
01-01-1975,-0.01052176749
01-02-1975,0.00535614458
01-03-1975,-0.03456529728
01-04-1975,-0.01729657529
01-05-1975,0.02357201709
01-06-1975,0.004620082852
01-07-1975,-0.01879489089
01-08-1975,0.001761513735
01-09-1975,-0.01790583207
01-10-1975,0.04095913913
01-11-1975,-0.01617921559
01-12-1975,0.02757342004
01-01-1976,0.0001246651963
01-02-1976,0.006758868359
01-03-1976,0.01226025993
01-04-1976,0.003902295463
01-05-1976,-0.01856960879
01-06-1976,0.008147588765
01-07-1976,0.001252374145
01-08-1976,0.01504959271
01-09-1976,0.008714593657
01-10-1976,0.01005496114
01-11-1976,0.03151241575
01-12-1976,0.01467559389
01-01-1977,-0.03949290592
01-02-1977,-0.007431940451
01-03-1977,0.00321029439
01-04-1977,-0.00258364821
01-05-1977,0.007704862221
01-06-1977,0.0136627261
01-07-1977,-0.01402680884
01-08-1977,0.01094227181
01-09-1977,-0.006153528241
01-10-1977,-0.01305280456
01-11-1977,0.004665686289
01-12-1977,-0.01419076658
01-01-1978,-0.01078336735
01-02-1978,-0.004880250645
01-03-1978,-0.006995883363
01-04-1978,-0.007078202975
01-05-1978,-0.01439717261
01-06-1978,-0.01391137936
01-07-1978,0.00347867231
01-08-1978,0.01239390656
01-09-1978,-0.01330487974
01-10-1978,-0.02790126275
01-11-1978,0.008113045778
01-12-1978,-0.01745572876
01-01-1979,0.01200031311
01-02-1979,-0.01670358874
01-03-1979,0.00138974168
01-04-1979,-0.01757863096
01-05-1979,0.01514540638
01-06-1979,0.01253332855
01-07-1979,-0.01643578757
01-08-1979,-0.01665137617
01-09-1979,-0.01442457221
01-10-1979,-0.07975024378
01-11-1979,0.01959339737
01-12-1979,-0.00004423036515
01-01-1980,-0.05357073909
01-02-1980,-0.09077973437
01-03-1980,0.001245796219
01-04-1980,0.1157239838
01-05-1980,0.02992851084
01-06-1980,0.008408998208
01-07-1980,-0.03231999017
01-08-1980,-0.04370909073
01-09-1980,-0.01662434233
01-10-1980,-0.03347643348
01-11-1980,-0.01487877448
01-12-1980,0.01785806701
01-01-1981,-0.01302148379
01-02-1981,-0.03850636621
01-03-1981,0.02071411378
01-04-1981,-0.0460243231
01-05-1981,0.03813608384
01-06-1981,-0.0167595711
01-07-1981,-0.04122567698
01-08-1981,-0.03307085477
01-09-1981,-0.01862487381
01-10-1981,0.07464002667
01-11-1981,0.09142977255
01-12-1981,-0.03710311033
01-01-1982,-0.00005733329984
01-02-1982,0.01445553662
01-03-1982,0.003711240909
01-04-1982,0.02529898102
01-05-1982,0.01063334686
01-06-1982,-0.03787937975
01-07-1982,0.04811256812
01-08-1982,0.0578248095
01-09-1982,0.07281874613
01-10-1982,0.06550772917
01-11-1982,0.005334035468
01-12-1982,0.03745156784
01-01-1983,-0.01859606652
01-02-1983,0.03973272407
01-03-1983,-0.01294508846
01-04-1983,0.02248144615
01-05-1983,-0.02676043733
01-06-1983,-0.001752740193
01-07-1983,-0.04002236942
01-08-1983,-0.005707349677
01-09-1983,0.0383976558
01-10-1983,-0.01154647102
01-11-1983,0.01311435152
01-12-1983,-0.004120574565
01-01-1984,0.01151900554
01-02-1984,-0.01606418998
01-03-1984,-0.02023539426
01-04-1984,-0.00957161927
01-05-1984,-0.04962657885
01-06-1984,0.01346331759
01-07-1984,0.06019190239
01-08-1984,0.01457245997
01-09-1984,0.02587482761
01-10-1984,0.04586158436
01-11-1984,0.0200345991
01-12-1984,0.009464296585
01-01-1985,0.02993681033
01-02-1985,-0.03867960384
01-03-1985,0.0204296385
01-04-1985,0.02199522934
01-05-1985,0.07726558218
01-06-1985,0.00756245743
01-07-1985,-0.01239446996
01-08-1985,0.02453068899
01-09-1985,0.004893087574
01-10-1985,0.02315355095
01-11-1985,0.02958870516
01-12-1985,0.04034312345
01-01-1986,-0.001106288995
01-02-1986,0.07346183331
01-03-1986,0.0629443604
01-04-1986,0.01053243698
01-05-1986,-0.04003321198
01-06-1986,0.05048277542
01-07-1986,0.005875220769
01-08-1986,0.03173712966
01-09-1986,-0.03075518732
01-10-1986,0.01175244791
01-11-1986,0.0170979481
01-12-1986,-0.003011767317
01-01-1987,0.003950804014
01-02-1987,0.001715127071
01-03-1987,-0.01870988819
01-04-1987,-0.04331135494
01-05-1987,-0.01397664427
01-06-1987,0.009833805075
01-07-1987,-0.01375349927
01-08-1987,-0.01892539195
01-09-1987,-0.03554929859
01-10-1987,0.05471608122
01-11-1987,-0.00316787439
01-12-1987,0.01615549461
01-01-1988,0.04168820841
01-02-1988,0.01173768516
01-03-1988,-0.02224323538
01-04-1988,-0.01809046496
01-05-1988,-0.01623269551
01-06-1988,0.02817621135
01-07-1988,-0.01605140091
01-08-1988,-0.004940871069
01-09-1988,0.0282462053
01-10-1988,0.01839079837
01-11-1988,-0.02230620895
01-12-1988,-0.0009231967985
01-01-1989,0.01185754107
01-02-1989,-0.01552683951
01-03-1989,0.004098506429
01-04-1989,0.01846716028
01-05-1989,0.03015336613
01-06-1989,0.03714894699
01-07-1989,0.0221393849
01-08-1989,-0.02210342175
01-09-1989,0.001192874456
01-10-1989,0.02801804124
01-11-1989,0.00789284904
01-12-1989,-0.002576766168
01-01-1990,-0.03492747702
01-02-1990,-0.002228248485
01-03-1990,-0.006869852466
01-04-1990,-0.02064820678
01-05-1990,0.03560302686
01-06-1990,0.01232732944
01-07-1990,0.007077025316
01-08-1990,-0.03399487236
01-09-1990,0.003183532885
01-10-1990,0.01185948286
01-11-1990,0.03134730012
01-12-1990,0.01528207247
01-01-1991,0.006364421127
01-02-1991,0.006619960086
01-03-1991,0.004659680032
01-04-1991,0.006496142191
01-05-1991,0.0002842887177
01-06-1991,-0.008261489536
01-07-1991,0.008078790699
01-08-1991,0.02981508947
01-09-1991,0.02761296057
01-10-1991,0.004758201882
01-11-1991,0.00798726244
01-12-1991,0.05032453634
01-01-1992,-0.03560187687
01-02-1992,0.006722152217
01-03-1992,-0.01623965688
01-04-1992,-0.0007511669621
01-05-1992,0.0239374636
01-06-1992,0.01665039016
01-07-1992,0.03315779611
01-08-1992,0.01057578326
01-09-1992,0.02132963384
01-10-1992,-0.02896738608
01-11-1992,-0.007699302806
01-12-1992,0.02223068148
01-01-1993,0.02431789437
01-02-1993,0.03003368371
01-03-1993,0.003622310876
01-04-1993,0.0000592185171
01-05-1993,-0.005807725959
01-06-1993,0.03140046764
01-07-1993,0.001223201127
01-08-1993,0.03139074242
01-09-1993,0.006891179293
01-10-1993,-0.00186799502
01-11-1993,-0.02746614078
01-12-1993,0.002797789744
01-01-1994,0.01455503231
01-02-1994,-0.03065828234
01-03-1994,-0.04192867014
01-04-1994,-0.01589991966
01-05-1994,-0.004087301524
01-06-1994,-0.008927538275
01-07-1994,0.01871327216
01-08-1994,-0.003154082746
01-09-1994,-0.02649357871
01-10-1994,-0.007843686679
01-11-1994,-0.003285033223
01-12-1994,0.009586314282
01-01-1995,0.02116680371
01-02-1995,0.03136876425
01-03-1995,0.005465899911
01-04-1995,0.01145005297
01-05-1995,0.06165481159
01-06-1995,0.009903915614
01-07-1995,-0.01360384228
01-08-1995,0.01594377522
01-09-1995,0.01204254831
01-10-1995,0.01288081255
01-11-1995,0.0238899976
01-12-1995,0.01695031608
01-01-1996,-0.002025596123
01-02-1996,-0.03571015375
01-03-1996,-0.0134153366
01-04-1996,-0.0216666728
01-05-1996,-0.01011650206
01-06-1996,0.01255308636
01-07-1996,-0.001395899275
01-08-1996,-0.007175932461
01-09-1996,0.02019085829
01-10-1996,0.02830032602
01-11-1996,0.02516351095
01-12-1996,-0.02427511055
01-01-1997,-0.003823667406
01-02-1997,0.001362825982
01-03-1997,-0.02107087717
01-04-1997,0.01980865012
01-05-1997,0.009258050055
01-06-1997,0.01542848767
01-07-1997,0.04084353813
01-08-1997,-0.02072981759
01-09-1997,0.01907942956
01-10-1997,0.02411776913
01-11-1997,0.002144344125
01-12-1997,0.01245026524
01-01-1998,0.02003189471
01-02-1998,-0.002071619544
01-03-1998,0.0009711625345
01-04-1998,0.002743881515
01-05-1998,0.01120959814
01-06-1998,0.01237672541
01-07-1998,-0.002384151859
01-08-1998,0.03757470201
01-09-1998,0.05072466453
01-10-1998,-0.01375588344
01-11-1998,-0.004879018503
01-12-1998,0.008932385967
01-01-1999,0.00129166144
01-02-1999,-0.04240352029
01-03-1999,0.006796069402
01-04-1999,-0.01042613985
01-05-1999,-0.01678726048
01-06-1999,-0.007847660386
01-07-1999,-0.007461377829
01-08-1999,-0.001891171618
01-09-1999,0.006704072998
01-10-1999,-0.00569875512
01-11-1999,-0.008490492034
01-12-1999,-0.01683859799
01-01-2000,-0.01423812014
01-02-2000,0.020566247
01-03-2000,0.02843710864
01-04-2000,-0.009038209466
01-05-2000,-0.0009676774739
01-06-2000,0.01864472534
01-07-2000,0.001378861469
01-08-2000,0.02826363988
01-09-2000,-0.005589645519
01-10-2000,0.005324596108
01-11-2000,0.02485470573
01-12-2000,0.02950796047
01-01-2001,-0.006659380894
01-02-2001,0.02310542633
01-03-2001,0.002755261066
01-04-2001,-0.02947210305
01-05-2001,-0.006746815356
01-06-2001,0.00303153264
01-07-2001,0.03362931065
01-08-2001,0.02141908157
01-09-2001,0.01965330819
01-10-2001,0.03043771209
01-11-2001,-0.03261495484
01-12-2001,-0.01769420194
01-01-2002,0.002529628357
01-02-2002,0.01733597205
01-03-2002,-0.03948416817
01-04-2002,0.02412108388
01-05-2002,0.00545912082
01-06-2002,0.02085594625
01-07-2002,0.02937234288
01-08-2002,0.03027954774
01-09-2002,0.04272639606
01-10-2002,-0.02253371335
01-11-2002,-0.02087043968
01-12-2002,0.032951584
01-01-2003,-0.01444420502
01-02-2003,0.02161589385
01-03-2003,-0.008255873267
01-04-2003,0.002136836997
01-05-2003,0.04831927864
01-06-2003,-0.0120835775
01-07-2003,-0.07428448997
01-08-2003,0.002606935848
01-09-2003,0.04079770208
01-10-2003,-0.02518000157
01-11-2003,0.002258480369
01-12-2003,0.006571661282
01-01-2004,0.008155078133
01-02-2004,0.01517198887
01-03-2004,0.01178034835
01-04-2004,-0.05110162166
01-05-2004,-0.01085940236
01-06-2004,0.003375013778
01-07-2004,0.01249165775
01-08-2004,0.033567426
01-09-2004,-0.0005379635946
01-10-2004,0.005477218052
01-11-2004,-0.02600304902
01-12-2004,0.01338322831
01-01-2005,0.01219235107
01-02-2005,-0.01829071505
01-03-2005,-0.01119867274
01-04-2005,0.02427487035
01-05-2005,0.02120834609
01-06-2005,0.007698641439
01-07-2005,-0.02991151792
01-08-2005,0.01858667378
01-09-2005,-0.03551128844
01-10-2005,-0.01625085595
01-11-2005,0.01537620435
01-12-2005,0.01184373643
01-01-2006,-0.01354687177
01-02-2006,0.0016621775
01-03-2006,-0.02228919349
01-04-2006,-0.01754603218
01-05-2006,-0.002745008076
01-06-2006,-0.000609412642
01-07-2006,0.0116540068
01-08-2006,0.01988837241
01-09-2006,0.01701325167
01-10-2006,0.01076963367
01-11-2006,0.01549992792
01-12-2006,-0.02154024522
01-01-2007,-0.007312917743
01-02-2007,0.02200760329
01-03-2007,-0.008574358636
01-04-2007,0.002477439173
01-05-2007,-0.02163591018
01-06-2007,-0.008570296616
01-07-2007,0.0226129077
01-08-2007,0.02316190175
01-09-2007,-0.004454598314
01-10-2007,0.009615871536
01-11-2007,0.03772641627
01-12-2007,-0.00524160468
01-01-2008,0.03037891059
01-02-2008,0.0121084636
01-03-2008,0.005906171168
01-04-2008,-0.02516517313
01-05-2008,-0.0259198478
01-06-2008,-0.001382385753
01-07-2008,-0.003789383564
01-08-2008,0.01793356925
01-09-2008,0.0007097262881
01-10-2008,-0.001122295057
01-11-2008,0.1154821793
01-12-2008,0.06916574774
01-01-2009,-0.05056885481
01-02-2009,-0.013483594
01-03-2009,0.02943353569
01-04-2009,-0.03510918859
01-05-2009,-0.02389220696
01-06-2009,-0.01021691722
01-07-2009,0.004058540507
01-08-2009,0.009419202414
01-09-2009,0.008287439351
01-10-2009,-0.008377002151
01-11-2009,0.0159715372
01-12-2009,-0.04877298528
01-01-2010,0.02063732933
01-02-2010,0.005615967647
01-03-2010,-0.01588899644
01-04-2010,0.01526156797
01-05-2010,0.03517480971
01-06-2010,0.03152509418
01-07-2010,0.003074351962
01-08-2010,0.04054856003
01-09-2010,-0.004510192772
01-10-2010,-0.009585304577
01-11-2010,-0.0150683176
01-12-2010,-0.04726147054
01-01-2011,-0.008549365734
01-02-2011,0.004768921984
01-03-2011,-0.005679251414
01-04-2011,0.01008843056
01-05-2011,0.03059397734
01-06-2011,-0.01942277471
01-07-2011,0.03464576432
01-08-2011,0.05815919779
01-09-2011,0.01960373677
01-10-2011,-0.006804927027
01-11-2011,-0.008737203782
01-12-2011,0.02067073417
01-01-2012,0.004036044889
01-02-2012,-0.01393610926
01-03-2012,-0.02250960746
01-04-2012,0.0227769135
01-05-2012,0.03941925706
01-06-2012,-0.005015986845
01-07-2012,0.01558761146
01-08-2012,-0.00987661425
01-09-2012,-0.01057673989
01-10-2012,-0.007568688536
01-11-2012,0.01215656976
01-12-2012,-0.0127953989
01-01-2013,-0.02173451832
01-02-2013,0.00792496236
01-03-2013,0.006198867793
01-04-2013,0.01905851925
01-05-2013,-0.03935561474
01-06-2013,-0.0321187421
01-07-2013,-0.006942710681
01-08-2013,-0.0160631621
01-09-2013,0.01642680945
01-10-2013,0.007227631511
01-11-2013,-0.02511696129
01-12-2013,-0.01408252743
01-01-2014,0.0328927028
01-02-2014,0.002794995104
01-03-2014,-0.005585230473
01-04-2014,0.006293548025
01-05-2014,0.01785159579
01-06-2014,-0.003650856238
01-07-2014,-0.002453738605
01-08-2014,0.02209006079
01-09-2014,-0.0121660525
01-10-2014,0.01719305494
01-11-2014,0.01793334033
01-12-2014,0.006897588709
01-01-2015,0.0594751656
01-02-2015,-0.0304781427
01-03-2015,0.004364206838
01-04-2015,-0.00860228177
01-05-2015,-0.009595111551
01-06-2015,-0.02149960112
01-07-2015,0.01520209559
01-08-2015,-0.001433904627
01-09-2015,0.01837477641
01-10-2015,-0.007435426696
01-11-2015,-0.006123331423
01-12-2015,-0.004719049411
01-01-2016,0.03494579803
01-02-2016,0.01864113051
01-03-2016,-0.004775711099
01-04-2016,-0.00588516252
01-05-2016,-0.003626485328
01-06-2016,0.03144202144
01-07-2016,0.004346439262
01-08-2016,-0.01155102599
01-09-2016,-0.004102171372
